email,username,password
Mynd44@site.com,Mynd44,abcde12345
OAM4J@site.com,OAM4J,abcde12345
Divepen1@site.com,Divepen1,abcde12345
Obinnau@site.com,Obinnau,abcde12345
dominique@site.com,dominique,abcde12345
puskin@site.com,puskin,abcde12345
FOD@site.com,FOD,abcde12345
naijacutee@site.com,naijacutee,abcde12345
kodewrita@site.com,kodewrita,abcde12345
Javanian@site.com,Javanian,abcde12345
lordZOUGA@site.com,lordZOUGA,abcde12345
Rocktation@site.com,Rocktation,abcde12345
farano@site.com,farano,abcde12345